{
	"credit": "quiktori",
	"textures": {
		"0": "item/shashlik",
		"particle": "item/shashlik"
	},
	"elements": [
		{
			"from": [7.1, 0, 0],
			"to": [7.6, 0.2, 14],
			"faces": {
				"north": {"uv": [12.032, 7.032, 12.5, 7.5], "texture": "#0"},
				"east": {"uv": [0.032, 0.032, 13.968, 0.5], "texture": "#0"},
				"south": {"uv": [8.032, 12.032, 8.5, 12.5], "texture": "#0"},
				"west": {"uv": [0.032, 1.032, 13.968, 1.5], "texture": "#0"},
				"up": {"uv": [0.5, 15.968, 0.032, 2.032], "texture": "#0"},
				"down": {"uv": [1.5, 2.032, 1.032, 15.968], "texture": "#0"}
			}
		},
		{
			"from": [7.1, 0, 14],
			"to": [7.2, 0.2, 14.2],
			"faces": {
				"north": {"uv": [14.032, 0.032, 14.5, 0.5], "texture": "#0"},
				"east": {"uv": [14.032, 1.032, 14.5, 1.5], "texture": "#0"},
				"south": {"uv": [2.032, 14.032, 2.5, 14.5], "texture": "#0"},
				"west": {"uv": [14.032, 2.032, 14.5, 2.5], "texture": "#0"},
				"up": {"uv": [3.5, 14.5, 3.032, 14.032], "texture": "#0"},
				"down": {"uv": [14.5, 3.032, 14.032, 3.5], "texture": "#0"}
			}
		},
		{
			"from": [7.5, 0, 14],
			"to": [7.6, 0.2, 14.2],
			"faces": {
				"north": {"uv": [4.032, 14.032, 4.5, 14.5], "texture": "#0"},
				"east": {"uv": [14.032, 4.032, 14.5, 4.5], "texture": "#0"},
				"south": {"uv": [5.032, 14.032, 5.5, 14.5], "texture": "#0"},
				"west": {"uv": [14.032, 5.032, 14.5, 5.5], "texture": "#0"},
				"up": {"uv": [6.5, 14.5, 6.032, 14.032], "texture": "#0"},
				"down": {"uv": [14.5, 6.032, 14.032, 6.5], "texture": "#0"}
			}
		},
		{
			"from": [7.4, 0, 14],
			"to": [7.5, 0.2, 14.3],
			"faces": {
				"north": {"uv": [7.032, 14.032, 7.5, 14.5], "texture": "#0"},
				"east": {"uv": [14.032, 7.032, 14.5, 7.5], "texture": "#0"},
				"south": {"uv": [8.032, 14.032, 8.5, 14.5], "texture": "#0"},
				"west": {"uv": [14.032, 8.032, 14.5, 8.5], "texture": "#0"},
				"up": {"uv": [9.5, 14.5, 9.032, 14.032], "texture": "#0"},
				"down": {"uv": [14.5, 9.032, 14.032, 9.5], "texture": "#0"}
			}
		},
		{
			"from": [7.2, 0, 14],
			"to": [7.3, 0.2, 14.3],
			"faces": {
				"north": {"uv": [10.032, 14.032, 10.5, 14.5], "texture": "#0"},
				"east": {"uv": [14.032, 10.032, 14.5, 10.5], "texture": "#0"},
				"south": {"uv": [11.032, 14.032, 11.5, 14.5], "texture": "#0"},
				"west": {"uv": [14.032, 11.032, 14.5, 11.5], "texture": "#0"},
				"up": {"uv": [12.5, 14.5, 12.032, 14.032], "texture": "#0"},
				"down": {"uv": [14.5, 12.032, 14.032, 12.5], "texture": "#0"}
			}
		},
		{
			"from": [7.3, 0, 14],
			"to": [7.4, 0.2, 14.5],
			"faces": {
				"north": {"uv": [12.032, 4.032, 12.5, 4.5], "texture": "#0"},
				"east": {"uv": [5.032, 12.032, 5.5, 12.5], "texture": "#0"},
				"south": {"uv": [12.032, 5.032, 12.5, 5.5], "texture": "#0"},
				"west": {"uv": [6.032, 12.032, 6.5, 12.5], "texture": "#0"},
				"up": {"uv": [12.5, 6.5, 12.032, 6.032], "texture": "#0"},
				"down": {"uv": [7.5, 12.032, 7.032, 12.5], "texture": "#0"}
			}
		},
		{
			"from": [7, 0.76569, -0.85147],
			"to": [7.7, 0.96569, -0.15147],
			"rotation": {"angle": -45, "axis": "x", "origin": [0, 0.76569, 0.84853]},
			"faces": {
				"north": {"uv": [12.032, 8.032, 12.5, 8.5], "texture": "#0"},
				"east": {"uv": [9.032, 12.032, 9.5, 12.5], "texture": "#0"},
				"south": {"uv": [12.032, 9.032, 12.5, 9.5], "texture": "#0"},
				"west": {"uv": [10.032, 12.032, 10.5, 12.5], "texture": "#0"},
				"up": {"uv": [12.5, 10.5, 12.032, 10.032], "texture": "#0"},
				"down": {"uv": [11.5, 12.032, 11.032, 12.5], "texture": "#0"}
			}
		},
		{
			"from": [7, -0.4364, -1.05355],
			"to": [7.7, -0.2364, -0.35355],
			"rotation": {"angle": 0, "axis": "x", "origin": [0, -0.4364, 0.64645]},
			"faces": {
				"north": {"uv": [12.032, 11.032, 12.5, 11.5], "texture": "#0"},
				"east": {"uv": [12.032, 12.032, 12.5, 12.5], "texture": "#0"},
				"south": {"uv": [2.032, 13.032, 2.5, 13.5], "texture": "#0"},
				"west": {"uv": [3.032, 13.032, 3.5, 13.5], "texture": "#0"},
				"up": {"uv": [13.5, 3.5, 13.032, 3.032], "texture": "#0"},
				"down": {"uv": [4.5, 13.032, 4.032, 13.5], "texture": "#0"}
			}
		},
		{
			"from": [7, -1.1435, -2.04645],
			"to": [7.7, -0.9435, -1.34645],
			"rotation": {"angle": 45, "axis": "x", "origin": [0, -1.1435, -0.34645]},
			"faces": {
				"north": {"uv": [13.032, 4.032, 13.5, 4.5], "texture": "#0"},
				"east": {"uv": [5.032, 13.032, 5.5, 13.5], "texture": "#0"},
				"south": {"uv": [13.032, 5.032, 13.5, 5.5], "texture": "#0"},
				"west": {"uv": [6.032, 13.032, 6.5, 13.5], "texture": "#0"},
				"up": {"uv": [13.5, 6.5, 13.032, 6.032], "texture": "#0"},
				"down": {"uv": [7.5, 13.032, 7.032, 13.5], "texture": "#0"}
			}
		},
		{
			"from": [7, 0.1347, -1.93121],
			"to": [7.7, 0.8347, -1.73121],
			"rotation": {"angle": 22.5, "axis": "x", "origin": [0, -0.8653, -1.93121]},
			"faces": {
				"north": {"uv": [13.032, 7.032, 13.5, 7.5], "texture": "#0"},
				"east": {"uv": [8.032, 13.032, 8.5, 13.5], "texture": "#0"},
				"south": {"uv": [13.032, 8.032, 13.5, 8.5], "texture": "#0"},
				"west": {"uv": [9.032, 13.032, 9.5, 13.5], "texture": "#0"},
				"up": {"uv": [13.5, 9.5, 13.032, 9.032], "texture": "#0"},
				"down": {"uv": [10.5, 13.032, 10.032, 13.5], "texture": "#0"}
			}
		},
		{
			"from": [7, 0.12261, -1.20453],
			"to": [7.7, 0.32261, -0.50453],
			"rotation": {"angle": -22.5, "axis": "x", "origin": [0, 0.32261, -2.20453]},
			"faces": {
				"north": {"uv": [13.032, 10.032, 13.5, 10.5], "texture": "#0"},
				"east": {"uv": [11.032, 13.032, 11.5, 13.5], "texture": "#0"},
				"south": {"uv": [13.032, 11.032, 13.5, 11.5], "texture": "#0"},
				"west": {"uv": [12.032, 13.032, 12.5, 13.5], "texture": "#0"},
				"up": {"uv": [13.5, 12.5, 13.032, 12.032], "texture": "#0"},
				"down": {"uv": [13.5, 13.032, 13.032, 13.5], "texture": "#0"}
			}
		},
		{
			"from": [5.8, -3.7, 10.2],
			"to": [7.8, -1.7, 12.2],
			"rotation": {"angle": 22.5, "axis": "z", "origin": [0, 0, 0]},
			"faces": {
				"north": {"uv": [2.032, 2.032, 3.968, 3.968], "texture": "#0"},
				"east": {"uv": [2.032, 4.032, 3.968, 5.968], "texture": "#0"},
				"south": {"uv": [4.032, 2.032, 5.968, 3.968], "texture": "#0"},
				"west": {"uv": [4.032, 4.032, 5.968, 5.968], "texture": "#0"},
				"up": {"uv": [3.968, 7.968, 2.032, 6.032], "texture": "#0"},
				"down": {"uv": [7.968, 2.032, 6.032, 3.968], "texture": "#0"}
			}
		},
		{
			"from": [5.8, 1.9, 2.9],
			"to": [7.6, 3.9, 4.9],
			"rotation": {"angle": -22.5, "axis": "z", "origin": [0, 0, 0]},
			"faces": {
				"north": {"uv": [4.032, 6.032, 5.968, 7.968], "texture": "#0"},
				"east": {"uv": [6.032, 4.032, 7.968, 5.968], "texture": "#0"},
				"south": {"uv": [6.032, 6.032, 7.968, 7.968], "texture": "#0"},
				"west": {"uv": [2.032, 8.032, 3.968, 9.968], "texture": "#0"},
				"up": {"uv": [9.968, 3.968, 8.032, 2.032], "texture": "#0"},
				"down": {"uv": [5.968, 8.032, 4.032, 9.968], "texture": "#0"}
			}
		},
		{
			"from": [4.4, -6, 6.4],
			"to": [6.2, -4.2, 8.4],
			"rotation": {"angle": 45, "axis": "z", "origin": [0, 0, 0]},
			"faces": {
				"north": {"uv": [8.032, 4.032, 9.968, 5.968], "texture": "#0"},
				"east": {"uv": [6.032, 8.032, 7.968, 9.968], "texture": "#0"},
				"south": {"uv": [8.032, 6.032, 9.968, 7.968], "texture": "#0"},
				"west": {"uv": [8.032, 8.032, 9.968, 9.968], "texture": "#0"},
				"up": {"uv": [3.968, 11.968, 2.032, 10.032], "texture": "#0"},
				"down": {"uv": [11.968, 2.032, 10.032, 3.968], "texture": "#0"}
			}
		},
		{
			"from": [6.9, -7.4, 5.9],
			"to": [8.3, -5.8, 7.5],
			"rotation": {"angle": -45, "axis": "x", "origin": [0, 0, 0]},
			"faces": {
				"north": {"uv": [4.032, 10.032, 5.5, 11.5], "texture": "#0"},
				"east": {"uv": [10.032, 4.032, 11.5, 5.5], "texture": "#0"},
				"south": {"uv": [6.032, 10.032, 7.5, 11.5], "texture": "#0"},
				"west": {"uv": [10.032, 6.032, 11.5, 7.5], "texture": "#0"},
				"up": {"uv": [9.5, 11.5, 8.032, 10.032], "texture": "#0"},
				"down": {"uv": [11.5, 8.032, 10.032, 9.5], "texture": "#0"}
			}
		},
		{
			"from": [6.6, -2.7, 4.7],
			"to": [8, -1.5, 5.9],
			"rotation": {"angle": -22.5, "axis": "x", "origin": [0, 0, 0]},
			"faces": {
				"north": {"uv": [10.032, 10.032, 11.5, 10.968], "texture": "#0"},
				"east": {"uv": [12.032, 3.032, 12.968, 3.968], "texture": "#0"},
				"south": {"uv": [10.032, 11.032, 11.5, 11.968], "texture": "#0"},
				"west": {"uv": [4.032, 12.032, 4.968, 12.968], "texture": "#0"},
				"up": {"uv": [3.5, 12.968, 2.032, 12.032], "texture": "#0"},
				"down": {"uv": [13.5, 2.032, 12.032, 2.968], "texture": "#0"}
			}
		}
	],
	"display": {
		"thirdperson_righthand": {
			"rotation": [-78, 0, 0],
			"translation": [1, 7.5, -7]
		},
		"thirdperson_lefthand": {
			"rotation": [-74, 0, 0],
			"translation": [0, 8, -6.5]
		},
		"firstperson_righthand": {
			"rotation": [-109, 0, 0],
			"translation": [2.5, 3.75, -7.75]
		},
		"firstperson_lefthand": {
			"rotation": [-109, 0, 0],
			"translation": [1.25, 4.25, -7.75]
		},
		"ground": {
			"translation": [0, 5.25, 0]
		},
		"gui": {
			"rotation": [80, 143, 0],
			"translation": [0.75, 3.75, 0],
			"scale": [1.2, 1.2, 1.2]
		},
		"head": {
			"rotation": [-95, 32, -19],
			"translation": [4.25, -16.5, -23.75],
			"scale": [2, 2, 2]
		},
		"fixed": {
			"rotation": [-180, 44, 0],
			"translation": [2.5, 3.5, 16.25],
			"scale": [2, 2, 2]
		}
	}
}