{
    "providers": [
        {
            "type": "bitmap",
            "file": "minecraft:font/energy-generator.png",
            "height": 256,
            "ascent": 13,
            "chars": [
                ""
            ]
        },
        {
            "type": "bitmap",
            "file": "minecraft:font/generator-progress0.png",
            "height": 32,
            "ascent": -15,
            "chars": [
                ""
            ]
        },
        {
            "type": "bitmap",
            "file": "minecraft:font/generator-progress1.png",
            "height": 32,
            "ascent": -15,
            "chars": [
                ""
            ]
        },
        {
            "type": "bitmap",
            "file": "minecraft:font/generator-progress2.png",
            "height": 32,
            "ascent": -15,
            "chars": [
                ""
            ]
        },
        {
            "type": "bitmap",
            "file": "minecraft:font/generator-progress3.png",
            "height": 32,
            "ascent": -15,
            "chars": [
                ""
            ]
        },
        {
            "type": "bitmap",
            "file": "minecraft:font/generator-progress4.png",
            "height": 32,
            "ascent": -15,
            "chars": [
                ""
            ]
        },
        {
            "type": "bitmap",
            "file": "minecraft:font/generator-progress5.png",
            "height": 32,
            "ascent": -15,
            "chars": [
                ""
            ]
        },
        {
            "type": "bitmap",
            "file": "minecraft:font/generator-progress6.png",
            "height": 32,
            "ascent": -15,
            "chars": [
                ""
            ]
        },
        {
            "type": "bitmap",
            "file": "minecraft:font/generator-progress7.png",
            "height": 32,
            "ascent": -15,
            "chars": [
                ""
            ]
        },
        {
            "type": "bitmap",
            "file": "minecraft:font/generator-progress8.png",
            "height": 32,
            "ascent": -15,
            "chars": [
                ""
            ]
        },
        {
            "type": "bitmap",
            "file": "minecraft:font/generator-progress9.png",
            "height": 32,
            "ascent": -15,
            "chars": [
                ""
            ]
        },
        {
            "type": "bitmap",
            "file": "minecraft:font/generator-progress10.png",
            "height": 32,
            "ascent": -15,
            "chars": [
                ""
            ]
        },
        {
            "type": "bitmap",
            "file": "minecraft:font/generator-progress11.png",
            "height": 32,
            "ascent": -15,
            "chars": [
                ""
            ]
        },
        {
            "type": "bitmap",
            "file": "minecraft:font/generator-progress12.png",
            "height": 32,
            "ascent": -15,
            "chars": [
                ""
            ]
        },
        {
            "type": "bitmap",
            "file": "minecraft:font/generator-progress13.png",
            "height": 32,
            "ascent": -15,
            "chars": [
                ""
            ]
        },
        {
            "type": "bitmap",
            "file": "minecraft:font/electro-furnace.png",
            "height": 90,
            "ascent": -4,
            "chars": [
                ""
            ]
        },
        {
            "type": "bitmap",
            "file": "minecraft:font/furnace-temp-progress0.png",
            "height": 39,
            "ascent": -29,
            "chars": [
                ""
            ]
        },
        {
            "type": "bitmap",
            "file": "minecraft:font/furnace-temp-progress1.png",
            "height": 39,
            "ascent": -29,
            "chars": [
                ""
            ]
        },
        {
            "type": "bitmap",
            "file": "minecraft:font/furnace-temp-progress2.png",
            "height": 39,
            "ascent": -29,
            "chars": [
                ""
            ]
        },
        {
            "type": "bitmap",
            "file": "minecraft:font/furnace-temp-progress3.png",
            "height": 39,
            "ascent": -29,
            "chars": [
                ""
            ]
        },
        {
            "type": "bitmap",
            "file": "minecraft:font/furnace-temp-progress4.png",
            "height": 39,
            "ascent": -29,
            "chars": [
                ""
            ]
        },
        {
            "type": "bitmap",
            "file": "minecraft:font/furnace-temp-progress5.png",
            "height": 39,
            "ascent": -29,
            "chars": [
                ""
            ]
        },
        {
            "type": "bitmap",
            "file": "minecraft:font/furnace-temp-progress6.png",
            "height": 39,
            "ascent": -29,
            "chars": [
                ""
            ]
        },
        {
            "type": "bitmap",
            "file": "minecraft:font/furnace-temp-progress7.png",
            "height": 39,
            "ascent": -29,
            "chars": [
                ""
            ]
        },
        {
            "type": "bitmap",
            "file": "minecraft:font/furnace-temp-progress8.png",
            "height": 39,
            "ascent": -29,
            "chars": [
                ""
            ]
        },
        {
            "type": "bitmap",
            "file": "minecraft:font/furnace-lock.png",
            "height": 9,
            "ascent": -62,
            "chars": [
                ""
            ]
        },
        {
            "type": "bitmap",
            "file": "minecraft:font/furnace-lock.png",
            "height": 9,
            "ascent": -44,
            "chars": [
                ""
            ]
        },
        {
            "type": "bitmap",
            "file": "minecraft:font/7.png",
            "height": 10,
            "ascent": -14,
            "chars": [
                ""
            ]
        },
        {
            "type": "bitmap",
            "file": "minecraft:font/8.png",
            "height": 10,
            "ascent": -14,
            "chars": [
                ""
            ]
        },
        {
            "type": "bitmap",
            "file": "minecraft:font/9.png",
            "height": 10,
            "ascent": -14,
            "chars": [
                ""
            ]
        },
        {
            "type": "bitmap",
            "file": "minecraft:font/mana.png",
            "height": 10,
            "ascent": -14,
            "chars": [
                ""
            ]
        },
        {
            "type": "bitmap",
            "file": "minecraft:font/selection.png",
            "height": 256,
            "ascent": -3,
            "chars": [
                "䀁"
            ]
        },
        {
            "type": "bitmap",
            "file": "minecraft:font/hpbar-filled.png",
            "height": 8,
            "ascent": -76,
            "chars": [
                "䀂"
            ]
        },
        {
            "type": "bitmap",
            "file": "minecraft:font/hpbar-emptied.png",
            "height": 8,
            "ascent": -76,
            "chars": [
                "䀃"
            ]
        },
        {
            "type": "bitmap",
            "file": "minecraft:font/manabar.png",
            "height": 64,
            "ascent": -456,
            "chars": [
                "䀄"
            ]
        },
        {
            "type": "bitmap",
            "file": "minecraft:font/mana-filled.png",
            "height": 8,
            "ascent": -457,
            "chars": [
                "䀅"
            ]
        },
        {
            "type": "bitmap",
            "file": "minecraft:font/pixel.png",
            "height": 1,
            "ascent": 0,
            "chars": [
                "䀆"
            ]
        },
        {
            "type": "bitmap",
            "file": "minecraft:font/pixel.png",
            "height": 1,
            "ascent": -1,
            "chars": [
                "䀇"
            ]
        },
        {
            "type": "bitmap",
            "file": "minecraft:font/pixel.png",
            "height": 1,
            "ascent": -2,
            "chars": [
                "䀈"
            ]
        },
        {
            "type": "bitmap",
            "file": "minecraft:font/ru/а.png",
            "height": 9,
            "ascent": -8,
            "chars": [
                "䀉"
            ]
        },
        {
            "type": "bitmap",
            "file": "minecraft:font/green_filter.png",
            "height": 1100,
            "ascent": 500,
            "chars": [
                "䀀"
            ]
        },
        {
            "type": "bitmap",
            "file": "space:font/space_split.png",
            "ascent": -32768,
            "height": -3,
            "chars": [
                "\uF801"
            ]
        },
        {
            "type": "bitmap",
            "file": "space:font/space_split.png",
            "ascent": -32768,
            "height": -4,
            "chars": [
                "\uF802"
            ]
        },
        {
            "type": "bitmap",
            "file": "space:font/space_split.png",
            "ascent": -32768,
            "height": -5,
            "chars": [
                "\uF803"
            ]
        },
        {
            "type": "bitmap",
            "file": "space:font/space_split.png",
            "ascent": -32768,
            "height": -6,
            "chars": [
                "\uF804"
            ]
        },
        {
            "type": "bitmap",
            "file": "space:font/space_split.png",
            "ascent": -32768,
            "height": -7,
            "chars": [
                "\uF805"
            ]
        },
        {
            "type": "bitmap",
            "file": "space:font/space_split.png",
            "ascent": -32768,
            "height": -8,
            "chars": [
                "\uF806"
            ]
        },
        {
            "type": "bitmap",
            "file": "space:font/space_split.png",
            "ascent": -32768,
            "height": -9,
            "chars": [
                "\uF807"
            ]
        },
        {
            "type": "bitmap",
            "file": "space:font/space_split.png",
            "ascent": -32768,
            "height": -10,
            "chars": [
                "\uF808"
            ]
        },
        {
            "type": "bitmap",
            "file": "space:font/space_split.png",
            "ascent": -32768,
            "height": -18,
            "chars": [
                "\uF809"
            ]
        },
        {
            "type": "bitmap",
            "file": "space:font/space_split.png",
            "ascent": -32768,
            "height": -34,
            "chars": [
                "\uF80A"
            ]
        },
        {
            "type": "bitmap",
            "file": "space:font/space_split.png",
            "ascent": -32768,
            "height": -66,
            "chars": [
                "\uF80B"
            ]
        },
        {
            "type": "bitmap",
            "file": "space:font/space_split.png",
            "ascent": -32768,
            "height": -130,
            "chars": [
                "\uF80C"
            ]
        },
        {
            "type": "bitmap",
            "file": "space:font/space_split.png",
            "ascent": -32768,
            "height": -258,
            "chars": [
                "\uF80D"
            ]
        },
        {
            "type": "bitmap",
            "file": "space:font/space_split.png",
            "ascent": -32768,
            "height": -514,
            "chars": [
                "\uF80E"
            ]
        },
        {
            "type": "bitmap",
            "file": "space:font/space_split.png",
            "ascent": -32768,
            "height": -1026,
            "chars": [
                "\uF80F"
            ]
        },
        {
            "type": "bitmap",
            "file": "space:font/space_split.png",
            "ascent": -65536,
            "height": -32770,
            "chars": [
                "\uF800"
            ]
        },
        {
            "type": "bitmap",
            "file": "space:font/space_split.png",
            "ascent": -32768,
            "height": 0,
            "chars": [
                "\uF821"
            ]
        },
        {
            "type": "bitmap",
            "file": "space:font/space_split.png",
            "ascent": -32768,
            "height": 1,
            "chars": [
                "\uF822"
            ]
        },
        {
            "type": "bitmap",
            "file": "space:font/space_split.png",
            "ascent": -32768,
            "height": 2,
            "chars": [
                "\uF823"
            ]
        },
        {
            "type": "bitmap",
            "file": "space:font/space_split.png",
            "ascent": -32768,
            "height": 3,
            "chars": [
                "\uF824"
            ]
        },
        {
            "type": "bitmap",
            "file": "space:font/space_split.png",
            "ascent": -32768,
            "height": 4,
            "chars": [
                "\uF825"
            ]
        },
        {
            "type": "bitmap",
            "file": "space:font/space_split.png",
            "ascent": -32768,
            "height": 5,
            "chars": [
                "\uF826"
            ]
        },
        {
            "type": "bitmap",
            "file": "space:font/space_split.png",
            "ascent": -32768,
            "height": 6,
            "chars": [
                "\uF827"
            ]
        },
        {
            "type": "bitmap",
            "file": "space:font/space_split.png",
            "ascent": -32768,
            "height": 7,
            "chars": [
                "\uF828"
            ]
        },
        {
            "type": "bitmap",
            "file": "space:font/space_split.png",
            "ascent": -32768,
            "height": 15,
            "chars": [
                "\uF829"
            ]
        },
        {
            "type": "bitmap",
            "file": "space:font/space_split.png",
            "ascent": -32768,
            "height": 31,
            "chars": [
                "\uF82A"
            ]
        },
        {
            "type": "bitmap",
            "file": "space:font/space_split.png",
            "ascent": -32768,
            "height": 63,
            "chars": [
                "\uF82B"
            ]
        },
        {
            "type": "bitmap",
            "file": "space:font/space_split.png",
            "ascent": -32768,
            "height": 127,
            "chars": [
                "\uF82C"
            ]
        },
        {
            "type": "bitmap",
            "file": "space:font/space_split.png",
            "ascent": -32768,
            "height": 255,
            "chars": [
                "\uF82D"
            ]
        },
        {
            "type": "bitmap",
            "file": "space:font/space_split.png",
            "ascent": -32768,
            "height": 511,
            "chars": [
                "\uF82E"
            ]
        },
        {
            "type": "bitmap",
            "file": "space:font/space_split.png",
            "ascent": -32768,
            "height": 1023,
            "chars": [
                "\uF82F"
            ]
        },
        {
            "type": "bitmap",
            "file": "space:font/space_split.png",
            "ascent": -65536,
            "height": 32767,
            "chars": [
                "\uF820"
            ]
        },
        {
            "type": "bitmap",
            "file": "space:font/space_nosplit.png",
            "ascent": -32768,
            "height": -3,
            "chars": [
                "\uF811"
            ]
        },
        {
            "type": "bitmap",
            "file": "space:font/space_nosplit.png",
            "ascent": -32768,
            "height": -4,
            "chars": [
                "\uF812"
            ]
        },
        {
            "type": "bitmap",
            "file": "space:font/space_nosplit.png",
            "ascent": -32768,
            "height": -5,
            "chars": [
                "\uF813"
            ]
        },
        {
            "type": "bitmap",
            "file": "space:font/space_nosplit.png",
            "ascent": -32768,
            "height": -6,
            "chars": [
                "\uF814"
            ]
        },
        {
            "type": "bitmap",
            "file": "space:font/space_nosplit.png",
            "ascent": -32768,
            "height": -7,
            "chars": [
                "\uF815"
            ]
        },
        {
            "type": "bitmap",
            "file": "space:font/space_nosplit.png",
            "ascent": -32768,
            "height": -8,
            "chars": [
                "\uF816"
            ]
        },
        {
            "type": "bitmap",
            "file": "space:font/space_nosplit.png",
            "ascent": -32768,
            "height": -9,
            "chars": [
                "\uF817"
            ]
        },
        {
            "type": "bitmap",
            "file": "space:font/space_nosplit.png",
            "ascent": -32768,
            "height": -10,
            "chars": [
                "\uF818"
            ]
        },
        {
            "type": "bitmap",
            "file": "space:font/space_nosplit.png",
            "ascent": -32768,
            "height": -18,
            "chars": [
                "\uF819"
            ]
        },
        {
            "type": "bitmap",
            "file": "space:font/space_nosplit.png",
            "ascent": -32768,
            "height": -34,
            "chars": [
                "\uF81A"
            ]
        },
        {
            "type": "bitmap",
            "file": "space:font/space_nosplit.png",
            "ascent": -32768,
            "height": -66,
            "chars": [
                "\uF81B"
            ]
        },
        {
            "type": "bitmap",
            "file": "space:font/space_nosplit.png",
            "ascent": -32768,
            "height": -130,
            "chars": [
                "\uF81C"
            ]
        },
        {
            "type": "bitmap",
            "file": "space:font/space_nosplit.png",
            "ascent": -32768,
            "height": -258,
            "chars": [
                "\uF81D"
            ]
        },
        {
            "type": "bitmap",
            "file": "space:font/space_nosplit.png",
            "ascent": -32768,
            "height": -514,
            "chars": [
                "\uF81E"
            ]
        },
        {
            "type": "bitmap",
            "file": "space:font/space_nosplit.png",
            "ascent": -32768,
            "height": -1026,
            "chars": [
                "\uF81F"
            ]
        },
        {
            "type": "bitmap",
            "file": "space:font/space_nosplit.png",
            "ascent": -65536,
            "height": -32770,
            "chars": [
                "\uF810"
            ]
        },
        {
            "type": "bitmap",
            "file": "space:font/space_nosplit.png",
            "ascent": -32768,
            "height": 0,
            "chars": [
                "\uF831"
            ]
        },
        {
            "type": "bitmap",
            "file": "space:font/space_nosplit.png",
            "ascent": -32768,
            "height": 1,
            "chars": [
                "\uF832"
            ]
        },
        {
            "type": "bitmap",
            "file": "space:font/space_nosplit.png",
            "ascent": -32768,
            "height": 2,
            "chars": [
                "\uF833"
            ]
        },
        {
            "type": "bitmap",
            "file": "space:font/space_nosplit.png",
            "ascent": -32768,
            "height": 3,
            "chars": [
                "\uF834"
            ]
        },
        {
            "type": "bitmap",
            "file": "space:font/space_nosplit.png",
            "ascent": -32768,
            "height": 4,
            "chars": [
                "\uF835"
            ]
        },
        {
            "type": "bitmap",
            "file": "space:font/space_nosplit.png",
            "ascent": -32768,
            "height": 5,
            "chars": [
                "\uF836"
            ]
        },
        {
            "type": "bitmap",
            "file": "space:font/space_nosplit.png",
            "ascent": -32768,
            "height": 6,
            "chars": [
                "\uF837"
            ]
        },
        {
            "type": "bitmap",
            "file": "space:font/space_nosplit.png",
            "ascent": -32768,
            "height": 7,
            "chars": [
                "\uF838"
            ]
        },
        {
            "type": "bitmap",
            "file": "space:font/space_nosplit.png",
            "ascent": -32768,
            "height": 15,
            "chars": [
                "\uF839"
            ]
        },
        {
            "type": "bitmap",
            "file": "space:font/space_nosplit.png",
            "ascent": -32768,
            "height": 31,
            "chars": [
                "\uF83A"
            ]
        },
        {
            "type": "bitmap",
            "file": "space:font/space_nosplit.png",
            "ascent": -32768,
            "height": 63,
            "chars": [
                "\uF83B"
            ]
        },
        {
            "type": "bitmap",
            "file": "space:font/space_nosplit.png",
            "ascent": -32768,
            "height": 127,
            "chars": [
                "\uF83C"
            ]
        },
        {
            "type": "bitmap",
            "file": "space:font/space_nosplit.png",
            "ascent": -32768,
            "height": 255,
            "chars": [
                "\uF83D"
            ]
        },
        {
            "type": "bitmap",
            "file": "space:font/space_nosplit.png",
            "ascent": -32768,
            "height": 511,
            "chars": [
                "\uF83E"
            ]
        },
        {
            "type": "bitmap",
            "file": "space:font/space_nosplit.png",
            "ascent": -32768,
            "height": 1023,
            "chars": [
                "\uF83F"
            ]
        },
        {
            "type": "bitmap",
            "file": "space:font/space_nosplit.png",
            "ascent": -65536,
            "height": 32767,
            "chars": [
                "\uF830"
            ]
        },
        {
            "type": "bitmap",
            "file": "minecraft:font/halloween2022_ghost.png",
            "height": 10,
            "ascent": 8,
            "chars": [
                ""
            ]
        },
        {
            "type": "bitmap",
            "file": "minecraft:font/halloween2022_hat.png",
            "height": 10,
            "ascent": 8,
            "chars": [
                ""
            ]
        },
        {
            "type": "bitmap",
            "file": "minecraft:font/halloween2022_potion.png",
            "height": 10,
            "ascent": 8,
            "chars": [
                ""
            ]
        },
        {
            "type": "bitmap",
            "file": "minecraft:font/halloween2022_pumpkin.png",
            "height": 10,
            "ascent": 8,
            "chars": [
                ""
            ]
        },
        {
            "type": "bitmap",
            "file": "minecraft:font/steve/frame_00_delay-0.07s.png",
            "height": 55,
            "ascent": -13,
            "chars": [
                "䀉"
            ]
        },
        {
            "type": "bitmap",
            "file": "minecraft:font/steve/frame_01_delay-0.07s.png",
            "height": 55,
            "ascent": -13,
            "chars": [
                "䀐"
            ]
        },
        {
            "type": "bitmap",
            "file": "minecraft:font/steve/frame_02_delay-0.07s.png",
            "height": 55,
            "ascent": -13,
            "chars": [
                "䀑"
            ]
        },
        {
            "type": "bitmap",
            "file": "minecraft:font/steve/frame_03_delay-0.07s.png",
            "height": 55,
            "ascent": -13,
            "chars": [
                "䀒"
            ]
        },
        {
            "type": "bitmap",
            "file": "minecraft:font/steve/frame_04_delay-0.07s.png",
            "height": 55,
            "ascent": -13,
            "chars": [
                "䀓"
            ]
        },
        {
            "type": "bitmap",
            "file": "minecraft:font/steve/frame_05_delay-0.07s.png",
            "height": 55,
            "ascent": -13,
            "chars": [
                "䀔"
            ]
        },
        {
            "type": "bitmap",
            "file": "minecraft:font/steve/frame_06_delay-0.07s.png",
            "height": 55,
            "ascent": -13,
            "chars": [
                "䀕"
            ]
        },
        {
            "type": "bitmap",
            "file": "minecraft:font/steve/frame_07_delay-0.07s.png",
            "height": 55,
            "ascent": -13,
            "chars": [
                "䀖"
            ]
        },
    
        {
            "type": "bitmap",
            "file": "minecraft:font/steve/frame_08_delay-0.07s.png",
            "height": 55,
            "ascent": -13,
            "chars": [
                "䀗"
            ]
        },
        {
            "type": "bitmap",
            "file": "minecraft:font/steve/frame_09_delay-0.07s.png",
            "height": 55,
            "ascent": -13,
            "chars": [
                "䀘"
            ]
        },
        {
            "type": "bitmap",
            "file": "minecraft:font/steve/frame_10_delay-0.07s.png",
            "height": 55,
            "ascent": -13,
            "chars": [
                "䀙"
            ]
        },
        {
            "type": "bitmap",
            "file": "minecraft:font/steve/frame_11_delay-0.07s.png",
            "height": 55,
            "ascent": -13,
            "chars": [
                "䀠"
            ]
        },
        {
            "type": "bitmap",
            "file": "minecraft:font/steve/frame_12_delay-0.07s.png",
            "height": 55,
            "ascent": -13,
            "chars": [
                "䀡"
            ]
        },
        {
            "type": "bitmap",
            "file": "minecraft:font/steve/frame_13_delay-0.07s.png",
            "height": 55,
            "ascent": -13,
            "chars": [
                "䀢"
            ]
        },
        {
            "type": "bitmap",
            "file": "minecraft:font/steve/frame_14_delay-0.07s.png",
            "height": 55,
            "ascent": -13,
            "chars": [
                "䀣"
            ]
        },
        {
            "type": "bitmap",
            "file": "minecraft:font/steve/frame_15_delay-0.07s.png",
            "height": 55,
            "ascent": -13,
            "chars": [
                "䀤"
            ]
        },
        {
            "type": "bitmap",
            "file": "minecraft:font/steve/frame_16_delay-0.07s.png",
            "height": 55,
            "ascent": -13,
            "chars": [
                "䀥"
            ]
        },
        {
            "type": "bitmap",
            "file": "minecraft:font/steve/frame_17_delay-0.07s.png",
            "height": 55,
            "ascent": -13,
            "chars": [
                "䀦"
            ]
        },
        {
            "type": "bitmap",
            "file": "minecraft:font/steve/frame_18_delay-0.07s.png",
            "height": 55,
            "ascent": -13,
            "chars": [
                "䀧"
            ]
        },
        {
            "type": "bitmap",
            "file": "minecraft:font/steve/frame_19_delay-0.07s.png",
            "height": 55,
            "ascent": -13,
            "chars": [
                "䀨"
            ]
        },
        {
            "type": "bitmap",
            "file": "minecraft:font/steve/frame_20_delay-0.07s.png",
            "height": 55,
            "ascent": -13,
            "chars": [
                "䀩"
            ]
        },
        {
            "type": "bitmap",
            "file": "minecraft:font/steve/frame_21_delay-0.07s.png",
            "height": 55,
            "ascent": -13,
            "chars": [
                "䀰"
            ]
        },
        {
            "type": "bitmap",
            "file": "minecraft:font/steve/frame_22_delay-0.07s.png",
            "height": 55,
            "ascent": -13,
            "chars": [
                "䀱"
            ]
        },
        {
            "type": "bitmap",
            "file": "minecraft:font/steve/frame_23_delay-0.07s.png",
            "height": 55,
            "ascent": -13,
            "chars": [
                "䀲"
            ]
        },
        {
            "type": "bitmap",
            "file": "minecraft:font/steve/frame_24_delay-0.07s.png",
            "height": 55,
            "ascent": -13,
            "chars": [
                "䀳"
            ]
        },
        {
            "type": "bitmap",
            "file": "minecraft:font/steve/frame_25_delay-0.07s.png",
            "height": 55,
            "ascent": -13,
            "chars": [
                "䀴"
            ]
        },
        {
            "type": "bitmap",
            "file": "minecraft:font/steve/frame_26_delay-0.07s.png",
            "height": 55,
            "ascent": -13,
            "chars": [
                "䀵"
            ]
        },
        {
            "type": "bitmap",
            "file": "minecraft:font/steve/frame_27_delay-0.07s.png",
            "height": 55,
            "ascent": -13,
            "chars": [
                "䀶"
            ]
        },
        {
            "type": "bitmap",
            "file": "minecraft:font/steve/frame_28_delay-0.07s.png",
            "height": 55,
            "ascent": -13,
            "chars": [
                "䀷"
            ]
        },
        {
            "type": "bitmap",
            "file": "minecraft:font/steve/frame_29_delay-0.07s.png",
            "height": 55,
            "ascent": -13,
            "chars": [
                "䀸"
            ]
        },
        {
            "type": "bitmap",
            "file": "minecraft:font/steve/frame_30_delay-0.07s.png",
            "height": 55,
            "ascent": -13,
            "chars": [
                "䀹"
            ]
        },
        {
            "type": "bitmap",
            "file": "minecraft:font/steve/frame_31_delay-0.07s.png",
            "height": 55,
            "ascent": -13,
            "chars": [
                "䁀"
            ]
        },
        {
            "type": "bitmap",
            "file": "minecraft:font/steve/frame_32_delay-0.07s.png",
            "height": 55,
            "ascent": -13,
            "chars": [
                "䁁"
            ]
        },
        {
            "type": "bitmap",
            "file": "minecraft:font/steve/frame_33_delay-0.07s.png",
            "height": 55,
            "ascent": -13,
            "chars": [
                "䁂"
            ]
        },
        {
            "type": "bitmap",
            "file": "minecraft:font/steve/frame_34_delay-0.07s.png",
            "height": 55,
            "ascent": -13,
            "chars": [
                "䁃"
            ]
        },
        {
            "type": "bitmap",
            "file": "minecraft:font/steve/frame_35_delay-0.07s.png",
            "height": 55,
            "ascent": -13,
            "chars": [
                "䁄"
            ]
        },
        {
            "type": "bitmap",
            "file": "minecraft:font/steve/frame_36_delay-0.07s.png",
            "height": 55,
            "ascent": -13,
            "chars": [
                "䁅"
            ]
        },
        {
            "type": "bitmap",
            "file": "minecraft:font/steve/frame_37_delay-0.07s.png",
            "height": 55,
            "ascent": -13,
            "chars": [
                "䁆"
            ]
        },
        {
            "type": "bitmap",
            "file": "minecraft:font/steve/frame_38_delay-0.07s.png",
            "height": 55,
            "ascent": -13,
            "chars": [
                "䁇"
            ]
        },
        {
            "type": "bitmap",
            "file": "minecraft:font/steve/frame_39_delay-0.07s.png",
            "height": 55,
            "ascent": -13,
            "chars": [
                "䁈"
            ]
        },
        {
            "type": "bitmap",
            "file": "minecraft:font/steve/frame_40_delay-0.07s.png",
            "height": 55,
            "ascent": -13,
            "chars": [
                "䁉"
            ]
        },
        {
            "type": "bitmap",
            "file": "minecraft:font/steve/frame_41_delay-0.07s.png",
            "height": 55,
            "ascent": -13,
            "chars": [
                "䁐"
            ]
        },
        {
            "type": "bitmap",
            "file": "minecraft:font/steve/frame_42_delay-0.07s.png",
            "height": 55,
            "ascent": -13,
            "chars": [
                "䁑"
            ]
        },
        {
            "type": "bitmap",
            "file": "minecraft:font/steve/frame_43_delay-0.07s.png",
            "height": 55,
            "ascent": -13,
            "chars": [
                "䁒"
            ]
        },
        {
            "type": "bitmap",
            "file": "minecraft:font/steve/frame_44_delay-0.07s.png",
            "height": 55,
            "ascent": -13,
            "chars": [
                "䁓"
            ]
        },
        {
            "type": "bitmap",
            "file": "minecraft:font/steve/frame_45_delay-0.07s.png",
            "height": 55,
            "ascent": -13,
            "chars": [
                "䁔"
            ]
        },
        {
            "type": "bitmap",
            "file": "minecraft:font/steve/frame_46_delay-0.07s.png",
            "height": 55,
            "ascent": -13,
            "chars": [
                "䁕"
            ]
        },
        {
            "type": "bitmap",
            "file": "minecraft:font/steve/frame_47_delay-0.07s.png",
            "height": 55,
            "ascent": -13,
            "chars": [
                "䁖"
            ]
        },
        {
            "type": "bitmap",
            "file": "minecraft:font/steve/frame_48_delay-0.07s.png",
            "height": 55,
            "ascent": -13,
            "chars": [
                "䁗"
            ]
        },
        {
            "type": "bitmap",
            "file": "minecraft:font/steve/frame_49_delay-0.07s.png",
            "height": 55,
            "ascent": -13,
            "chars": [
                "䁘"
            ]
        },
        {
            "type": "bitmap",
            "file": "minecraft:font/steve/frame_50_delay-0.07s.png",
            "height": 55,
            "ascent": -13,
            "chars": [
                "䁙"
            ]
        },
        {
            "type": "bitmap",
            "file": "minecraft:font/steve/frame_51_delay-0.07s.png",
            "height": 55,
            "ascent": -13,
            "chars": [
                "䁠"
            ]
        },
        {
            "type": "bitmap",
            "file": "minecraft:font/steve/frame_52_delay-0.07s.png",
            "height": 55,
            "ascent": -13,
            "chars": [
                "䁡"
            ]
        },
        {
            "type": "bitmap",
            "file": "minecraft:font/steve/frame_53_delay-0.07s.png",
            "height": 55,
            "ascent": -13,
            "chars": [
                "䁢"
            ]
        },
        {
            "type": "bitmap",
            "file": "minecraft:font/steve/frame_54_delay-0.07s.png",
            "height": 55,
            "ascent": -13,
            "chars": [
                "䁣"
            ]
        },
        {
            "type": "bitmap",
            "file": "minecraft:font/steve/frame_55_delay-0.07s.png",
            "height": 55,
            "ascent": -13,
            "chars": [
                "䁤"
            ]
        },
        {
            "type": "bitmap",
            "file": "minecraft:font/steve/frame_56_delay-0.07s.png",
            "height": 55,
            "ascent": -13,
            "chars": [
                "䁥"
            ]
        },
        {
            "type": "bitmap",
            "file": "minecraft:font/steve/frame_57_delay-0.07s.png",
            "height": 55,
            "ascent": -13,
            "chars": [
                "䁦"
            ]
        },
        {
            "type": "bitmap",
            "file": "minecraft:font/steve/frame_58_delay-0.07s.png",
            "height": 55,
            "ascent": -13,
            "chars": [
                "䁧"
            ]
        },
        {
            "type": "bitmap",
            "file": "minecraft:font/steve/frame_59_delay-0.07s.png",
            "height": 55,
            "ascent": -13,
            "chars": [
                "䁨"
            ]
        },
        {
            "type": "bitmap",
            "file": "minecraft:font/steve/frame_60_delay-0.07s.png",
            "height": 55,
            "ascent": -13,
            "chars": [
                "䁩"
            ]
        },
        {
            "type": "bitmap",
            "file": "minecraft:font/steve/frame_61_delay-0.07s.png",
            "height": 55,
            "ascent": -13,
            "chars": [
                "䁰"
            ]
        },
        {
            "type": "bitmap",
            "file": "minecraft:font/steve/frame_62_delay-0.07s.png",
            "height": 55,
            "ascent": -13,
            "chars": [
                "䁱"
            ]
        },
        {
            "type": "bitmap",
            "file": "minecraft:font/steve/frame_63_delay-0.07s.png",
            "height": 55,
            "ascent": -13,
            "chars": [
                "䁲"
            ]
        },
        {
            "type": "bitmap",
            "file": "minecraft:font/steve/frame_64_delay-0.07s.png",
            "height": 55,
            "ascent": -13,
            "chars": [
                "䁳"
            ]
        },
        {
            "type": "bitmap",
            "file": "minecraft:font/steve/frame_65_delay-0.07s.png",
            "height": 55,
            "ascent": -13,
            "chars": [
                "䁴"
            ]
        },
        {
            "type": "bitmap",
            "file": "minecraft:font/steve/frame_66_delay-0.07s.png",
            "height": 55,
            "ascent": -13,
            "chars": [
                "䁵"
            ]
        },
        {
            "type": "bitmap",
            "file": "minecraft:font/steve/frame_67_delay-0.07s.png",
            "height": 55,
            "ascent": -13,
            "chars": [
                "䁶"
            ]
        },
        {
            "type": "bitmap",
            "file": "minecraft:font/steve/frame_68_delay-0.07s.png",
            "height": 55,
            "ascent": -13,
            "chars": [
                "䁷"
            ]
        },
        {
            "type": "bitmap",
            "file": "minecraft:font/steve/frame_69_delay-0.07s.png",
            "height": 55,
            "ascent": -13,
            "chars": [
                "䁸"
            ]
        },
        {
            "type": "bitmap",
            "file": "minecraft:font/steve/frame_70_delay-0.07s.png",
            "height": 55,
            "ascent": -13,
            "chars": [
                "䁹"
            ]
        },
        {
            "type": "bitmap",
            "file": "minecraft:font/steve/frame_71_delay-0.07s.png",
            "height": 55,
            "ascent": -13,
            "chars": [
                "䂀"
            ]
        },
        {
            "type": "bitmap",
            "file": "minecraft:font/steve/frame_72_delay-0.07s.png",
            "height": 55,
            "ascent": -13,
            "chars": [
                "䂁"
            ]
        },
        {
            "type": "bitmap",
            "file": "minecraft:font/steve/frame_73_delay-0.07s.png",
            "height": 55,
            "ascent": -13,
            "chars": [
                "䂂"
            ]
        },
        {
            "type": "bitmap",
            "file": "minecraft:font/steve/frame_74_delay-0.07s.png",
            "height": 55,
            "ascent": -13,
            "chars": [
                "䂃"
            ]
        },
        {
            "type": "bitmap",
            "file": "minecraft:font/cursor1.png",
            "height": 1000,
            "ascent": 30,
            "chars": [
                "䂄"
            ]
        },
        {
            "type": "bitmap",
            "file": "minecraft:font/cursor2.png",
            "height": 1000,
            "ascent": 30,
            "chars": [
                "䂅"
            ]
        },
        {
            "type": "bitmap",
            "file": "minecraft:font/cursor3.png",
            "height": 1000,
            "ascent": 30,
            "chars": [
                "䂆"
            ]
        },
        {
            "type": "bitmap",
            "file": "minecraft:font/cursor4.png",
            "height": 1000,
            "ascent": 30,
            "chars": [
                "䂇"
            ]
        },
        {
            "type": "bitmap",
            "file": "minecraft:font/cursor5.png",
            "height": 1000,
            "ascent": 30,
            "chars": [
                "䂈"
            ]
        },
        {
            "type": "bitmap",
            "file": "minecraft:font/cursor6.png",
            "height": 1000,
            "ascent": 30,
            "chars": [
                "䂉"
            ]
        },
        {
            "type": "bitmap",
            "file": "minecraft:font/cursor7.png",
            "height": 1000,
            "ascent": 30,
            "chars": [
                "䂊"
            ]
        },
        {
            "type": "bitmap",
            "file": "minecraft:font/cursor8.png",
            "height": 1000,
            "ascent": 30,
            "chars": [
                "䂋"
            ]
        },
        {
            "type": "bitmap",
            "file": "minecraft:font/cursor9.png",
            "height": 1000,
            "ascent": 30,
            "chars": [
                "䂌"
            ]
        },
        {
            "type": "bitmap",
            "file": "minecraft:font/cursor10.png",
            "height": 1000,
            "ascent": 30,
            "chars": [
                "䂍"
            ]
        }
    ]
}