{
	"credit": "quiktori",
	"parent": "item/handheld",
	"textures": {
		"layer0": "item/diamond_hoe"
	},
	"overrides": [
		{"predicate": {"damaged": 0, "damage": 0.0005}, "model": "item/empty"},
		{ "predicate": {  "custom_model_data": 1 }, "model": "item/other/nav-arrow"},
		{ "predicate": {  "custom_model_data": 2 }, "model": "item/other/mlrs"},
		{"predicate": {"damaged": 0, "damage": 0.001}, "model": "item/diamond_hoe_"},
		{"predicate": {"damaged": 1, "damage": 0}, "model": "item/diamond_hoe_"}
	]
}