{
	"credit": "quiktori",
	"texture_size": [64, 64],
	"textures": {
		"0": "item/mlrs",
		"particle": "item/mlrs"
	},
	"elements": [
		{
			"from": [5, 1, 5],
			"to": [9, 17, 9],
			"faces": {
				"north": {"uv": [0, 0, 1, 4], "texture": "#0"},
				"east": {"uv": [1, 0, 2, 4], "texture": "#0"},
				"south": {"uv": [0, 0, 1, 4], "texture": "#0"},
				"west": {"uv": [0, 0, 1, 4], "texture": "#0"},
				"up": {"uv": [6, 3.5, 5, 2.5], "texture": "#0"},
				"down": {"uv": [6, 3.5, 5, 4.5], "texture": "#0"}
			}
		},
		{
			"from": [4.875, 15, 4.875],
			"to": [9.125, 16, 9.125],
			"faces": {
				"north": {"uv": [0.75, 6.75, 1.8125, 7], "texture": "#0"},
				"east": {"uv": [0.75, 6.75, 1.8125, 7], "texture": "#0"},
				"south": {"uv": [0.75, 6.75, 1.8125, 7], "texture": "#0"},
				"west": {"uv": [0.75, 6.75, 1.8125, 7], "texture": "#0"},
				"up": {"uv": [0.75, 6.75, 1.8125, 7], "texture": "#0"},
				"down": {"uv": [0.75, 6.75, 1.8125, 7], "texture": "#0"}
			}
		},
		{
			"from": [9, -1, 6.5],
			"to": [11, 5, 7.5],
			"rotation": {"angle": 0, "axis": "y", "origin": [14, 0, -1]},
			"faces": {
				"north": {"uv": [5, 4.5, 5.5, 6], "texture": "#0"},
				"east": {"uv": [6.25, 5.5, 6.5, 7], "texture": "#0"},
				"south": {"uv": [0, 5.25, 0.5, 6.75], "texture": "#0"},
				"west": {"uv": [6.5, 0, 6.75, 1.5], "texture": "#0"},
				"up": {"uv": [7.25, 3.5, 6.75, 3.25], "texture": "#0"},
				"down": {"uv": [7.25, 3.5, 6.75, 3.75], "texture": "#0"}
			}
		},
		{
			"from": [9.91969, 6.37641, 6.48438],
			"to": [11.91969, 11.62641, 7.51563],
			"rotation": {"angle": 22.5, "axis": "z", "origin": [14.91969, 3.37641, -1]},
			"faces": {
				"north": {"uv": [3.5, 5.25, 4, 6.5625], "texture": "#0"},
				"east": {"uv": [4.75, 6.5, 5, 7.8125], "texture": "#0"},
				"south": {"uv": [5.5, 4.5, 6, 5.8125], "texture": "#0"},
				"west": {"uv": [6.5, 6, 6.75, 7.3125], "texture": "#0"},
				"up": {"uv": [7.25, 3.25, 6.75, 3], "texture": "#0"},
				"down": {"uv": [3.75, 6.75, 3.25, 7], "texture": "#0"}
			}
		},
		{
			"from": [3, -1, 6.5],
			"to": [5, 5, 7.5],
			"rotation": {"angle": 0, "axis": "y", "origin": [0, 0, -1]},
			"faces": {
				"north": {"uv": [5.5, 4.5, 5, 6], "texture": "#0"},
				"east": {"uv": [6.75, 0, 6.5, 1.5], "texture": "#0"},
				"south": {"uv": [0.5, 5.25, 0, 6.75], "texture": "#0"},
				"west": {"uv": [6.5, 5.5, 6.25, 7], "texture": "#0"},
				"up": {"uv": [6.75, 3.5, 7.25, 3.25], "texture": "#0"},
				"down": {"uv": [6.75, 3.5, 7.25, 3.75], "texture": "#0"}
			}
		},
		{
			"from": [2.08031, 6.37641, 6.48438],
			"to": [4.08031, 11.62641, 7.51563],
			"rotation": {"angle": -22.5, "axis": "z", "origin": [-0.91969, 3.37641, -1]},
			"faces": {
				"north": {"uv": [4, 5.25, 3.5, 6.5625], "texture": "#0"},
				"east": {"uv": [6.75, 6, 6.5, 7.3125], "texture": "#0"},
				"south": {"uv": [6, 4.5, 5.5, 5.8125], "texture": "#0"},
				"west": {"uv": [5, 6.5, 4.75, 7.8125], "texture": "#0"},
				"up": {"uv": [6.75, 3.25, 7.25, 3], "texture": "#0"},
				"down": {"uv": [3.25, 6.75, 3.75, 7], "texture": "#0"}
			}
		},
		{
			"from": [6.5, -1, 3],
			"to": [7.5, 5, 5],
			"rotation": {"angle": 0, "axis": "y", "origin": [15, 0, 0]},
			"faces": {
				"north": {"uv": [6.5, 5.5, 6.25, 7], "texture": "#0"},
				"east": {"uv": [5.5, 4.5, 5, 6], "texture": "#0"},
				"south": {"uv": [6.75, 0, 6.5, 1.5], "texture": "#0"},
				"west": {"uv": [0.5, 5.25, 0, 6.75], "texture": "#0"},
				"up": {"uv": [6.75, 3.5, 7.25, 3.25], "rotation": 90, "texture": "#0"},
				"down": {"uv": [6.75, 3.5, 7.25, 3.75], "rotation": 270, "texture": "#0"}
			}
		},
		{
			"from": [6.48438, 6.37641, 2.08031],
			"to": [7.51563, 11.62641, 4.08031],
			"rotation": {"angle": 22.5, "axis": "x", "origin": [15, 3.37641, -0.91969]},
			"faces": {
				"north": {"uv": [5, 6.5, 4.75, 7.8125], "texture": "#0"},
				"east": {"uv": [4, 5.25, 3.5, 6.5625], "texture": "#0"},
				"south": {"uv": [6.75, 6, 6.5, 7.3125], "texture": "#0"},
				"west": {"uv": [6, 4.5, 5.5, 5.8125], "texture": "#0"},
				"up": {"uv": [6.75, 3.25, 7.25, 3], "rotation": 90, "texture": "#0"},
				"down": {"uv": [3.25, 6.75, 3.75, 7], "rotation": 270, "texture": "#0"}
			}
		},
		{
			"from": [6.5, -1, 9],
			"to": [7.5, 5, 11],
			"rotation": {"angle": 0, "axis": "y", "origin": [15, 0, 14]},
			"faces": {
				"north": {"uv": [6.5, 0, 6.75, 1.5], "texture": "#0"},
				"east": {"uv": [5, 4.5, 5.5, 6], "texture": "#0"},
				"south": {"uv": [6.25, 5.5, 6.5, 7], "texture": "#0"},
				"west": {"uv": [0, 5.25, 0.5, 6.75], "texture": "#0"},
				"up": {"uv": [7.25, 3.5, 6.75, 3.25], "rotation": 90, "texture": "#0"},
				"down": {"uv": [7.25, 3.5, 6.75, 3.75], "rotation": 270, "texture": "#0"}
			}
		},
		{
			"from": [6.48438, 6.37641, 9.91969],
			"to": [7.51563, 11.62641, 11.91969],
			"rotation": {"angle": -22.5, "axis": "x", "origin": [15, 3.37641, 14.91969]},
			"faces": {
				"north": {"uv": [6.5, 6, 6.75, 7.3125], "texture": "#0"},
				"east": {"uv": [3.5, 5.25, 4, 6.5625], "texture": "#0"},
				"south": {"uv": [4.75, 6.5, 5, 7.8125], "texture": "#0"},
				"west": {"uv": [5.5, 4.5, 6, 5.8125], "texture": "#0"},
				"up": {"uv": [7.25, 3.25, 6.75, 3], "rotation": 90, "texture": "#0"},
				"down": {"uv": [3.75, 6.75, 3.25, 7], "rotation": 270, "texture": "#0"}
			}
		},
		{
			"from": [5, 14.84951, 16.18978],
			"to": [9, 19.84951, 16.18978],
			"rotation": {"angle": -22.5, "axis": "x", "origin": [14, -2.15049, 7.18978]},
			"faces": {
				"north": {"uv": [4.008, 3.758, 4.992, 4.992], "texture": "#0"},
				"south": {"uv": [4.008, 3.758, 4.992, 4.992], "texture": "#0"}
			}
		},
		{
			"from": [5, 14.8499, -2.1907],
			"to": [9, 19.8499, -2.1907],
			"rotation": {"angle": 22.5, "axis": "x", "origin": [14, -2.1501, 6.8093]},
			"faces": {
				"north": {"uv": [4.008, 3.758, 4.992, 4.992], "texture": "#0"},
				"south": {"uv": [4.008, 3.758, 4.992, 4.992], "texture": "#0"}
			}
		},
		{
			"from": [6.875, 21.625, 6.875],
			"to": [7.125, 21.625, 7.125],
			"faces": {
				"up": {"uv": [6.8125, 6.3125, 6.758, 6.258], "texture": "#0"},
				"down": {"uv": [6.8125, 6.508, 6.758, 6.5625], "texture": "#0"}
			}
		},
		{
			"from": [-2.1907, 14.8499, 5],
			"to": [-2.1907, 19.8499, 9],
			"rotation": {"angle": -22.5, "axis": "z", "origin": [6.8093, -2.1501, 0]},
			"faces": {
				"east": {"uv": [4.992, 3.758, 4.008, 4.992], "texture": "#0"},
				"west": {"uv": [4.008, 3.758, 4.992, 4.992], "texture": "#0"}
			}
		},
		{
			"from": [16.18978, 14.84951, 5],
			"to": [16.18978, 19.84951, 9],
			"rotation": {"angle": 22.5, "axis": "z", "origin": [7.18978, -2.15049, 0]},
			"faces": {
				"east": {"uv": [4.008, 3.758, 4.992, 4.992], "texture": "#0"},
				"west": {"uv": [4.008, 3.758, 4.992, 4.992], "texture": "#0"}
			}
		}
	],
	"display": {
		"ground": {
			"rotation": [90, 90, 0]
		},
		"gui": {
			"rotation": [12, -128, 20],
			"translation": [-1.5, -1, 0],
			"scale": [0.8, 0.8, 0.8]
		},
		"head": {
			"rotation": [90, 90, 0],
			"translation": [2.25, -34.25, 0],
			"scale": [2, 2, 2]
		}
	},
	"groups": [
		0,
		1,
		{
			"name": "group",
			"origin": [15, 3.37641, 14.91969],
			"color": 0,
			"children": [2, 3, 4, 5, 6, 7, 8, 9]
		},
		{
			"name": "group",
			"origin": [7.18978, -2.15049, 0],
			"color": 0,
			"children": [10, 11, 12, 13, 14]
		}
	]
}