{
	"credit": "quiktori",
	"texture_size": [32, 32],
	"textures": {
		"0": "item/nav-arrow",
		"particle": "item/nav-arrow"
	},
	"elements": [
		{
			"from": [6, 0, 0],
			"to": [10, 2, 9],
			"faces": {
				"north": {"uv": [6, 6, 8, 7], "texture": "#0"},
				"east": {"uv": [6, 0, 10.5, 1], "texture": "#0"},
				"south": {"uv": [6, 7, 8, 8], "texture": "#0"},
				"west": {"uv": [6, 1, 10.5, 2], "texture": "#0"},
				"up": {"uv": [2, 4.5, 0, 0], "texture": "#0"},
				"down": {"uv": [4, 0, 2, 4.5], "texture": "#0"}
			}
		},
		{
			"from": [6.45778, 0, 14.59047],
			"to": [9.53278, 2, 15.59047],
			"rotation": {"angle": 0, "axis": "y", "origin": [0.45778, 0, 0.59047]},
			"faces": {
				"north": {"uv": [0, 9, 1.5, 10], "texture": "#0"},
				"east": {"uv": [6, 9, 6.5, 10], "texture": "#0"},
				"south": {"uv": [1.5, 9, 3, 10], "texture": "#0"},
				"west": {"uv": [6.5, 9, 7, 10], "texture": "#0"},
				"up": {"uv": [4.5, 9.5, 3, 9], "texture": "#0"},
				"down": {"uv": [6, 9, 4.5, 9.5], "texture": "#0"}
			}
		},
		{
			"from": [0, 0, 8],
			"to": [4, 2, 16.875],
			"rotation": {"angle": 22.5, "axis": "y", "origin": [0, 0, 0]},
			"faces": {
				"north": {"uv": [6, 8, 8, 9], "texture": "#0"},
				"east": {"uv": [6, 2, 10.5, 3], "texture": "#0"},
				"south": {"uv": [8, 6, 10, 7], "texture": "#0"},
				"west": {"uv": [6, 3, 10.5, 4], "texture": "#0"},
				"up": {"uv": [6, 4.5, 4, 0], "texture": "#0"},
				"down": {"uv": [2, 4.5, 0, 9], "texture": "#0"}
			}
		},
		{
			"from": [12, 0, 8],
			"to": [16, 2, 16.875],
			"rotation": {"angle": -22.5, "axis": "y", "origin": [16, 0, 0]},
			"faces": {
				"north": {"uv": [8, 7, 10, 8], "texture": "#0"},
				"east": {"uv": [6, 4, 10.5, 5], "texture": "#0"},
				"south": {"uv": [8, 8, 10, 9], "texture": "#0"},
				"west": {"uv": [6, 5, 10.5, 6], "texture": "#0"},
				"up": {"uv": [4, 9, 2, 4.5], "texture": "#0"},
				"down": {"uv": [6, 4.5, 4, 9], "texture": "#0"}
			}
		}
	],
	"display": {
		"thirdperson_righthand": {
			"rotation": [0, -180, 0],
			"translation": [0, 2.5, 0],
			"scale": [0.3, 0.3, 0.3]
		},
		"thirdperson_lefthand": {
			"rotation": [0, -180, 0],
			"translation": [0, 2.75, 0],
			"scale": [0.3, 0.3, 0.3]
		},
		"firstperson_righthand": {
			"rotation": [0, -180, 0],
			"translation": [17.5, 0, -19.25]
		},
		"firstperson_lefthand": {
			"rotation": [0, -180, 0],
			"translation": [17.5, 0.75, -17.5]
		},
		"ground": {
			"translation": [0, 4, 0]
		},
		"gui": {
			"rotation": [46, -180, 0],
			"translation": [0, 4.75, 0]
		},
		"head": {
			"translation": [-0.25, 16.75, 0.5],
			"scale": [2, 2, 2]
		},
		"fixed": {
			"rotation": [-90, 0, 0],
			"translation": [0, 0, -8.75]
		}
	}
}