{
	"credit": "quiktori",
	"textures": {
		"0": "gui/energy-generator",
		"particle": "gui/energy-generator"
	},
	"elements": [
		{
			"from": [-16, 0, 8],
			"to": [32, 16, 8],
			"rotation": {"angle": 0, "axis": "y", "origin": [35, 0, 8]},
			"faces": {
				"south": {"uv": [0.4375, 1.0625, 10.5625, 4.4375], "texture": "#0"}
			}
		}
	],
	"gui_light": "front",
	"display": {
		"firstperson_righthand": {
			"scale": [0.5, 0.5, 0.5]
		},
		"gui": {
			"translation": [72.25, -18, 0],
			"scale": [3.38, 3.37, 1]
		}
	}
}