{
	"credit": "quiktori",
	"texture_size": [64, 64],
	"textures": {
		"2": "block/electro-furnace"
	},
	"elements": [
		{
			"from": [2, 0, 0],
			"to": [16, 16, 16],
			"faces": {
				"north": {"uv": [4, 0, 7.5, 4], "texture": "#2"},
				"east": {"uv": [0, 0, 4, 4], "texture": "#2"},
				"south": {"uv": [4, 4, 7.5, 8], "texture": "#2"},
				"west": {"uv": [0, 4, 4, 8], "texture": "#2"},
				"up": {"uv": [11, 4, 7.5, 0], "texture": "#2"},
				"down": {"uv": [11, 4, 7.5, 8], "texture": "#2"}
			}
		},
		{
			"from": [1, 0.5, 1],
			"to": [2, 6.5, 7],
			"faces": {
				"north": {"uv": [4, 8.25, 4.25, 9.75], "texture": "#2"},
				"east": {"uv": [0, 8, 1.5, 9.5], "texture": "#2"},
				"south": {"uv": [4.25, 8.25, 4.5, 9.75], "texture": "#2"},
				"west": {"uv": [1.5, 8, 3, 9.5], "texture": "#2"},
				"up": {"uv": [4.75, 9.75, 4.5, 8.25], "texture": "#2"},
				"down": {"uv": [5, 8.25, 4.75, 9.75], "texture": "#2"}
			}
		},
		{
			"from": [0, 0, 0],
			"to": [2, 0.01, 16],
			"faces": {
				"north": {"uv": [5, 8.25, 5.5, 8.5], "texture": "#2"},
				"east": {"uv": [4, 8, 8, 8.25], "texture": "#2"},
				"south": {"uv": [5.5, 8.25, 6, 8.5], "texture": "#2"},
				"west": {"uv": [8, 8, 12, 8.25], "texture": "#2"},
				"up": {"uv": [3.5, 12, 3, 8], "texture": "#2"},
				"down": {"uv": [4, 8, 3.5, 12], "texture": "#2"}
			}
		}
	],
	"display": {
		"thirdperson_righthand": {
			"rotation": [75, 45, 0],
			"translation": [0, 2.5, 0],
			"scale": [0.375, 0.375, 0.375]
		},
		"thirdperson_lefthand": {
			"rotation": [75, 45, 0],
			"translation": [0, 2.5, 0],
			"scale": [0.375, 0.375, 0.375]
		},
		"firstperson_righthand": {
			"rotation": [0, 45, 0],
			"scale": [0.4, 0.4, 0.4]
		},
		"firstperson_lefthand": {
			"rotation": [0, 225, 0],
			"scale": [0.4, 0.4, 0.4]
		},
		"ground": {
			"translation": [0, 3, 0],
			"scale": [0.25, 0.25, 0.25]
		},
		"gui": {
			"rotation": [30, 225, 0],
			"scale": [0.625, 0.625, 0.625]
		},
		"fixed": {
			"scale": [0.5, 0.5, 0.5]
		}
	}
}