{
	"credit": "quiktori",
	"texture_size": [128, 128],
	"textures": {
		"1": "block/energy-generator"
	},
	"elements": [
		{
			"from": [0, 12, 0],
			"to": [1, 13, 16],
			"rotation": {"angle": 0, "axis": "y", "origin": [5, 0, 0]},
			"faces": {
				"north": {"uv": [1.5, 5.5, 1.625, 5.625], "texture": "#1"},
				"east": {"uv": [6.125, 5.625, 8.125, 5.75], "texture": "#1"},
				"south": {"uv": [1.375, 5.5, 1.5, 5.625], "texture": "#1"},
				"west": {"uv": [6.125, 5.75, 8.125, 5.875], "texture": "#1"},
				"up": {"uv": [8.125, 6, 6.125, 5.875], "rotation": 90, "texture": "#1"},
				"down": {"uv": [8.25, 6.25, 6.25, 6.375], "rotation": 270, "texture": "#1"}
			}
		},
		{
			"from": [15, 12, 0],
			"to": [16, 13, 16],
			"rotation": {"angle": 0, "axis": "y", "origin": [5, 0, 0]},
			"faces": {
				"north": {"uv": [1.5, 5.625, 1.625, 5.75], "texture": "#1"},
				"east": {"uv": [6.25, 6.375, 8.25, 6.5], "texture": "#1"},
				"south": {"uv": [1.375, 5.625, 1.5, 5.75], "texture": "#1"},
				"west": {"uv": [0.5, 6.5, 2.5, 6.625], "texture": "#1"},
				"up": {"uv": [8.5, 2.5, 6.5, 2.375], "rotation": 90, "texture": "#1"},
				"down": {"uv": [8.5, 2.5, 6.5, 2.625], "rotation": 270, "texture": "#1"}
			}
		},
		{
			"from": [1, 8, 0.5],
			"to": [15, 9, 16],
			"rotation": {"angle": 0, "axis": "y", "origin": [5, 0, 0]},
			"faces": {
				"north": {"uv": [6.625, 5.25, 8.375, 5.375], "texture": "#1"},
				"east": {"uv": [6.625, 4.875, 8.5625, 5], "texture": "#1"},
				"south": {"uv": [6.625, 5.125, 8.375, 5.25], "texture": "#1"},
				"west": {"uv": [6.625, 5, 8.5625, 5.125], "texture": "#1"},
				"up": {"uv": [1.9375, 3.75, 0, 2], "rotation": 90, "texture": "#1"},
				"down": {"uv": [3.9375, 2, 2, 3.75], "rotation": 270, "texture": "#1"}
			}
		},
		{
			"from": [1, 1, 1.5],
			"to": [15, 8, 8.5],
			"rotation": {"angle": 0, "axis": "y", "origin": [5, 0, 0]},
			"faces": {
				"north": {"uv": [4, 2.625, 5.75, 3.5], "texture": "#1"},
				"east": {"uv": [5.25, 3.5, 6.125, 4.375], "texture": "#1"},
				"south": {"uv": [4, 1.75, 5.75, 2.625], "texture": "#1"},
				"west": {"uv": [5.25, 4.375, 6.125, 5.25], "texture": "#1"},
				"up": {"uv": [5.25, 5.25, 4.375, 3.5], "rotation": 90, "texture": "#1"},
				"down": {"uv": [6, 0, 5.125, 1.75], "rotation": 270, "texture": "#1"}
			}
		},
		{
			"from": [15, 2.25, 3],
			"to": [16, 6.25, 7],
			"rotation": {"angle": 0, "axis": "y", "origin": [5, 0, 0]},
			"faces": {
				"north": {"uv": [5.25, 7, 5.375, 7.5], "texture": "#1"},
				"east": {"uv": [6.5, 6.5, 7, 7], "texture": "#1"},
				"south": {"uv": [5.125, 7, 5.25, 7.5], "texture": "#1"},
				"west": {"uv": [0.5, 6.625, 1, 7.125], "texture": "#1"},
				"up": {"uv": [4, 1.875, 3.5, 1.75], "rotation": 90, "texture": "#1"},
				"down": {"uv": [4, 1.875, 3.5, 2], "rotation": 270, "texture": "#1"}
			}
		},
		{
			"from": [1, 9, 1.5],
			"to": [15, 11, 14.5],
			"rotation": {"angle": 0, "axis": "y", "origin": [5, 0, 0]},
			"faces": {
				"north": {"uv": [6, 0.75, 7.75, 1], "texture": "#1"},
				"east": {"uv": [5.625, 6, 7.25, 6.25], "texture": "#1"},
				"south": {"uv": [6, 0.5, 7.75, 0.75], "texture": "#1"},
				"west": {"uv": [6.125, 3.375, 7.75, 3.625], "texture": "#1"},
				"up": {"uv": [5.125, 1.75, 3.5, 0], "rotation": 90, "texture": "#1"},
				"down": {"uv": [1.625, 3.75, 0, 5.5], "rotation": 270, "texture": "#1"}
			}
		},
		{
			"from": [2, 11, 2.5],
			"to": [14, 11.5, 13.5],
			"rotation": {"angle": 0, "axis": "y", "origin": [5, 0, 0]},
			"faces": {
				"north": {"uv": [7.125, 3.625, 8.625, 3.6875], "texture": "#1"},
				"east": {"uv": [7.125, 3.75, 8.5, 3.8125], "texture": "#1"},
				"south": {"uv": [0.5, 6.375, 2, 6.4375], "texture": "#1"},
				"west": {"uv": [7.125, 3.875, 8.5, 3.9375], "texture": "#1"},
				"up": {"uv": [3, 5.25, 1.625, 3.75], "rotation": 90, "texture": "#1"},
				"down": {"uv": [4.375, 3.75, 3, 5.25], "rotation": 270, "texture": "#1"}
			}
		},
		{
			"from": [3, 11.5, 3.5],
			"to": [6, 12.5, 6.5],
			"rotation": {"angle": 0, "axis": "y", "origin": [5, 0, 0]},
			"faces": {
				"north": {"uv": [1, 5.625, 1.375, 5.75], "texture": "#1"},
				"east": {"uv": [4, 3.5, 4.375, 3.625], "texture": "#1"},
				"south": {"uv": [4, 3.625, 4.375, 3.75], "texture": "#1"},
				"west": {"uv": [1, 5.5, 1.375, 5.625], "texture": "#1"},
				"up": {"uv": [7.125, 4, 6.75, 3.625], "rotation": 90, "texture": "#1"},
				"down": {"uv": [7.125, 4, 6.75, 4.375], "rotation": 270, "texture": "#1"}
			}
		},
		{
			"from": [15, 8, 1],
			"to": [16, 9, 15],
			"rotation": {"angle": 0, "axis": "y", "origin": [5, 0, 0]},
			"faces": {
				"north": {"uv": [0.5, 7.25, 0.625, 7.375], "texture": "#1"},
				"east": {"uv": [6.625, 5.375, 8.375, 5.5], "texture": "#1"},
				"south": {"uv": [7.125, 4.25, 7.25, 4.375], "texture": "#1"},
				"west": {"uv": [6.625, 5.5, 8.375, 5.625], "texture": "#1"},
				"up": {"uv": [8.5, 1.875, 6.75, 1.75], "rotation": 90, "texture": "#1"},
				"down": {"uv": [8.5, 1.875, 6.75, 2], "rotation": 270, "texture": "#1"}
			}
		},
		{
			"from": [0, 8, 1],
			"to": [1, 9, 15],
			"rotation": {"angle": 0, "axis": "y", "origin": [5, 0, 0]},
			"faces": {
				"north": {"uv": [3, 7.25, 3.125, 7.375], "texture": "#1"},
				"east": {"uv": [6.75, 2, 8.5, 2.125], "texture": "#1"},
				"south": {"uv": [2.875, 7.25, 3, 7.375], "texture": "#1"},
				"west": {"uv": [6.75, 2.125, 8.5, 2.25], "texture": "#1"},
				"up": {"uv": [8.5, 2.375, 6.75, 2.25], "rotation": 90, "texture": "#1"},
				"down": {"uv": [4.5, 6.75, 2.75, 6.875], "rotation": 270, "texture": "#1"}
			}
		},
		{
			"from": [16, 7, 0.5],
			"to": [16.25, 9, 15.5],
			"rotation": {"angle": 0, "axis": "y", "origin": [5, 0, 0]},
			"faces": {
				"north": {"uv": [0.75, 7.25, 0.8125, 7.5], "texture": "#1"},
				"east": {"uv": [2.75, 5.75, 4.625, 6], "texture": "#1"},
				"south": {"uv": [0.625, 7.25, 0.6875, 7.5], "texture": "#1"},
				"west": {"uv": [5.75, 3.125, 7.625, 3.375], "texture": "#1"},
				"up": {"uv": [8.625, 4.6875, 6.75, 4.625], "rotation": 90, "texture": "#1"},
				"down": {"uv": [8.625, 4.75, 6.75, 4.8125], "rotation": 270, "texture": "#1"}
			}
		},
		{
			"from": [-0.25, 7, 0.5],
			"to": [0, 9, 15.5],
			"rotation": {"angle": 0, "axis": "y", "origin": [5, 0, 0]},
			"faces": {
				"north": {"uv": [2.75, 7.25, 2.8125, 7.5], "texture": "#1"},
				"east": {"uv": [6, 0, 7.875, 0.25], "texture": "#1"},
				"south": {"uv": [0.875, 7.25, 0.9375, 7.5], "texture": "#1"},
				"west": {"uv": [6, 0.25, 7.875, 0.5], "texture": "#1"},
				"up": {"uv": [8.375, 7.0625, 6.5, 7], "rotation": 90, "texture": "#1"},
				"down": {"uv": [8.875, 6.5, 7, 6.5625], "rotation": 270, "texture": "#1"}
			}
		},
		{
			"from": [0, 0, 15],
			"to": [16, 1, 16],
			"rotation": {"angle": 0, "axis": "y", "origin": [5, 0, 0]},
			"faces": {
				"north": {"uv": [6.5, 2.75, 8.5, 2.875], "texture": "#1"},
				"east": {"uv": [5.75, 3.375, 5.875, 3.5], "texture": "#1"},
				"south": {"uv": [6.5, 2.625, 8.5, 2.75], "texture": "#1"},
				"west": {"uv": [5.875, 3.375, 6, 3.5], "texture": "#1"},
				"up": {"uv": [2.625, 8.5, 2.5, 6.5], "rotation": 90, "texture": "#1"},
				"down": {"uv": [2.75, 6.5, 2.625, 8.5], "rotation": 270, "texture": "#1"}
			}
		},
		{
			"from": [0, 0, 1],
			"to": [16, 0.25, 15],
			"rotation": {"angle": 0, "axis": "y", "origin": [5, 0, 0]},
			"faces": {
				"north": {"uv": [6.75, 4.5, 8.75, 4.5625], "texture": "#1"},
				"east": {"uv": [2.75, 6.875, 4.5, 6.9375], "texture": "#1"},
				"south": {"uv": [6.75, 4.375, 8.75, 4.4375], "texture": "#1"},
				"west": {"uv": [2.75, 7, 4.5, 7.0625], "texture": "#1"},
				"up": {"uv": [1.75, 2, 0, 0], "rotation": 90, "texture": "#1"},
				"down": {"uv": [3.5, 0, 1.75, 2], "rotation": 270, "texture": "#1"}
			}
		},
		{
			"from": [2, 1, 15],
			"to": [3, 8, 15.5],
			"rotation": {"angle": 0, "axis": "y", "origin": [5, 0, 0]},
			"faces": {
				"north": {"uv": [5.875, 6.75, 6, 7.625], "texture": "#1"},
				"east": {"uv": [6.5, 7.125, 6.5625, 8], "texture": "#1"},
				"south": {"uv": [5.75, 6.75, 5.875, 7.625], "texture": "#1"},
				"west": {"uv": [6.625, 7.125, 6.6875, 8], "texture": "#1"},
				"up": {"uv": [4.1875, 7.375, 4.125, 7.25], "rotation": 90, "texture": "#1"},
				"down": {"uv": [7.3125, 4.125, 7.25, 4.25], "rotation": 270, "texture": "#1"}
			}
		},
		{
			"from": [1, 3, 15.5],
			"to": [9, 8, 15.75],
			"rotation": {"angle": 0, "axis": "y", "origin": [5, 0, 0]},
			"faces": {
				"north": {"uv": [5.75, 1.75, 6.75, 2.375], "texture": "#1"},
				"east": {"uv": [7, 7.125, 7.0625, 7.75], "texture": "#1"},
				"south": {"uv": [1, 5.75, 2, 6.375], "texture": "#1"},
				"west": {"uv": [7.125, 7.125, 7.1875, 7.75], "texture": "#1"},
				"up": {"uv": [5.4375, 8, 5.375, 7], "rotation": 90, "texture": "#1"},
				"down": {"uv": [5.5625, 7, 5.5, 8], "rotation": 270, "texture": "#1"}
			}
		},
		{
			"from": [1, 2, 11.5],
			"to": [9, 8, 14.75],
			"rotation": {"angle": 0, "axis": "y", "origin": [5, 0, 0]},
			"faces": {
				"north": {"uv": [0, 5.5, 1, 6.25], "texture": "#1"},
				"east": {"uv": [6.125, 4.875, 6.5625, 5.625], "texture": "#1"},
				"south": {"uv": [5.125, 5.25, 6.125, 6], "texture": "#1"},
				"west": {"uv": [0, 6.25, 0.4375, 7], "texture": "#1"},
				"up": {"uv": [5.0625, 6.75, 4.625, 5.75], "rotation": 90, "texture": "#1"},
				"down": {"uv": [5.5625, 6, 5.125, 7], "rotation": 270, "texture": "#1"}
			}
		},
		{
			"from": [10, 4, 10],
			"to": [15, 8, 14.25],
			"rotation": {"angle": 0, "axis": "y", "origin": [5, 0, 0]},
			"faces": {
				"north": {"uv": [3.375, 6.25, 4, 6.75], "texture": "#1"},
				"east": {"uv": [4, 6.25, 4.5625, 6.75], "texture": "#1"},
				"south": {"uv": [2.75, 6.25, 3.375, 6.75], "texture": "#1"},
				"west": {"uv": [5.625, 6.25, 6.1875, 6.75], "texture": "#1"},
				"up": {"uv": [6.6875, 4.25, 6.125, 3.625], "rotation": 90, "texture": "#1"},
				"down": {"uv": [6.6875, 4.25, 6.125, 4.875], "rotation": 270, "texture": "#1"}
			}
		},
		{
			"from": [15, 2, 9.5],
			"to": [16, 8, 14.75],
			"rotation": {"angle": 0, "axis": "y", "origin": [5, 0, 0]},
			"faces": {
				"north": {"uv": [0.125, 7, 0.25, 7.75], "texture": "#1"},
				"east": {"uv": [2, 5.75, 2.6875, 6.5], "texture": "#1"},
				"south": {"uv": [0, 7, 0.125, 7.75], "texture": "#1"},
				"west": {"uv": [5.75, 2.375, 6.4375, 3.125], "texture": "#1"},
				"up": {"uv": [0.9375, 7.25, 0.25, 7.125], "rotation": 90, "texture": "#1"},
				"down": {"uv": [7.8125, 4, 7.125, 4.125], "rotation": 270, "texture": "#1"}
			}
		},
		{
			"from": [7, 1, 15],
			"to": [8, 8, 15.5],
			"rotation": {"angle": 0, "axis": "y", "origin": [5, 0, 0]},
			"faces": {
				"north": {"uv": [6.125, 6.75, 6.25, 7.625], "texture": "#1"},
				"east": {"uv": [6.75, 7.125, 6.8125, 8], "texture": "#1"},
				"south": {"uv": [6, 6.75, 6.125, 7.625], "texture": "#1"},
				"west": {"uv": [6.875, 7.125, 6.9375, 8], "texture": "#1"},
				"up": {"uv": [4.3125, 7.375, 4.25, 7.25], "rotation": 90, "texture": "#1"},
				"down": {"uv": [7.3125, 4.25, 7.25, 4.375], "rotation": 270, "texture": "#1"}
			}
		},
		{
			"from": [12.35938, 0.00781, 1],
			"to": [14.35938, 0.5, 15],
			"rotation": {"angle": 0, "axis": "y", "origin": [5, 0, 0]},
			"faces": {
				"north": {"uv": [3.375, 7.25, 3.625, 7.3125], "texture": "#1"},
				"east": {"uv": [7, 6.625, 8.75, 6.6875], "texture": "#1"},
				"south": {"uv": [3.125, 7.25, 3.375, 7.3125], "texture": "#1"},
				"west": {"uv": [7, 6.75, 8.75, 6.8125], "texture": "#1"},
				"up": {"uv": [7.75, 1.25, 6, 1], "rotation": 90, "texture": "#1"},
				"down": {"uv": [7.75, 1.25, 6, 1.5], "rotation": 270, "texture": "#1"}
			}
		},
		{
			"from": [1.35938, 0.00781, 1],
			"to": [3.35938, 0.5, 15],
			"rotation": {"angle": 0, "axis": "y", "origin": [5, 0, 0]},
			"faces": {
				"north": {"uv": [3.875, 7.25, 4.125, 7.3125], "texture": "#1"},
				"east": {"uv": [7, 6.875, 8.75, 6.9375], "texture": "#1"},
				"south": {"uv": [3.625, 7.25, 3.875, 7.3125], "texture": "#1"},
				"west": {"uv": [2.75, 7.125, 4.5, 7.1875], "texture": "#1"},
				"up": {"uv": [7.75, 1.75, 6, 1.5], "rotation": 90, "texture": "#1"},
				"down": {"uv": [4.5, 6, 2.75, 6.25], "rotation": 270, "texture": "#1"}
			}
		},
		{
			"from": [0, 1, 15],
			"to": [1, 12, 16],
			"rotation": {"angle": 0, "axis": "y", "origin": [5, 0, 0]},
			"faces": {
				"north": {"uv": [1.375, 6.625, 1.5, 8], "texture": "#1"},
				"east": {"uv": [1, 6.625, 1.125, 8], "texture": "#1"},
				"south": {"uv": [1.125, 6.625, 1.25, 8], "texture": "#1"},
				"west": {"uv": [1.25, 6.625, 1.375, 8], "texture": "#1"},
				"up": {"uv": [4.625, 6.25, 4.5, 6.125], "rotation": 90, "texture": "#1"},
				"down": {"uv": [0.625, 6.25, 0.5, 6.375], "rotation": 270, "texture": "#1"}
			}
		},
		{
			"from": [0, 1, 0],
			"to": [1, 12, 1],
			"rotation": {"angle": 0, "axis": "y", "origin": [5, 0, 0]},
			"faces": {
				"north": {"uv": [1.875, 6.625, 2, 8], "texture": "#1"},
				"east": {"uv": [1.5, 6.625, 1.625, 8], "texture": "#1"},
				"south": {"uv": [1.625, 6.625, 1.75, 8], "texture": "#1"},
				"west": {"uv": [1.75, 6.625, 1.875, 8], "texture": "#1"},
				"up": {"uv": [0.75, 6.375, 0.625, 6.25], "rotation": 90, "texture": "#1"},
				"down": {"uv": [0.875, 6.25, 0.75, 6.375], "rotation": 270, "texture": "#1"}
			}
		},
		{
			"from": [15, 1, 0],
			"to": [16, 12, 1],
			"rotation": {"angle": 0, "axis": "y", "origin": [5, 0, 0]},
			"faces": {
				"north": {"uv": [2.375, 6.625, 2.5, 8], "texture": "#1"},
				"east": {"uv": [2, 6.625, 2.125, 8], "texture": "#1"},
				"south": {"uv": [2.125, 6.625, 2.25, 8], "texture": "#1"},
				"west": {"uv": [2.25, 6.625, 2.375, 8], "texture": "#1"},
				"up": {"uv": [1, 6.375, 0.875, 6.25], "rotation": 90, "texture": "#1"},
				"down": {"uv": [0.375, 7, 0.25, 7.125], "rotation": 270, "texture": "#1"}
			}
		},
		{
			"from": [1, 5, 0],
			"to": [15, 9, 0.5],
			"rotation": {"angle": 0, "axis": "y", "origin": [5, 0, 0]},
			"faces": {
				"north": {"uv": [3.375, 5.25, 5.125, 5.75], "texture": "#1"},
				"east": {"uv": [0.25, 7.25, 0.3125, 7.75], "texture": "#1"},
				"south": {"uv": [1.625, 5.25, 3.375, 5.75], "texture": "#1"},
				"west": {"uv": [0.375, 7.25, 0.4375, 7.75], "texture": "#1"},
				"up": {"uv": [5.0625, 8.5, 5, 6.75], "rotation": 90, "texture": "#1"},
				"down": {"uv": [5.6875, 6.75, 5.625, 8.5], "rotation": 270, "texture": "#1"}
			}
		},
		{
			"from": [15, 1, 15],
			"to": [16, 12, 16],
			"rotation": {"angle": 0, "axis": "y", "origin": [5, 0, 0]},
			"faces": {
				"north": {"uv": [4.875, 6.75, 5, 8.125], "texture": "#1"},
				"east": {"uv": [4.5, 6.75, 4.625, 8.125], "texture": "#1"},
				"south": {"uv": [4.625, 6.75, 4.75, 8.125], "texture": "#1"},
				"west": {"uv": [4.75, 6.75, 4.875, 8.125], "texture": "#1"},
				"up": {"uv": [0.5, 7.125, 0.375, 7], "rotation": 90, "texture": "#1"},
				"down": {"uv": [7.25, 4.125, 7.125, 4.25], "rotation": 270, "texture": "#1"}
			}
		},
		{
			"from": [0, 0, 0],
			"to": [16, 1, 1],
			"rotation": {"angle": 0, "axis": "y", "origin": [5, 0, 0]},
			"faces": {
				"north": {"uv": [6.5, 3, 8.5, 3.125], "texture": "#1"},
				"east": {"uv": [6, 3.375, 6.125, 3.5], "texture": "#1"},
				"south": {"uv": [6.5, 2.875, 8.5, 3], "texture": "#1"},
				"west": {"uv": [4.5, 6, 4.625, 6.125], "texture": "#1"},
				"up": {"uv": [6.375, 8.5, 6.25, 6.5], "rotation": 90, "texture": "#1"},
				"down": {"uv": [6.5, 6.5, 6.375, 8.5], "rotation": 270, "texture": "#1"}
			}
		}
	],
	"display": {
		"thirdperson_righthand": {
			"rotation": [75, 45, 0],
			"translation": [0, 2.5, 0],
			"scale": [0.375, 0.375, 0.375]
		},
		"thirdperson_lefthand": {
			"rotation": [75, 45, 0],
			"translation": [0, 2.5, 0],
			"scale": [0.375, 0.375, 0.375]
		},
		"firstperson_righthand": {
			"rotation": [0, 45, 0],
			"scale": [0.4, 0.4, 0.4]
		},
		"firstperson_lefthand": {
			"rotation": [0, 225, 0],
			"scale": [0.4, 0.4, 0.4]
		},
		"ground": {
			"translation": [0, 3, 0],
			"scale": [0.25, 0.25, 0.25]
		},
		"gui": {
			"rotation": [30, 225, 0],
			"scale": [0.625, 0.625, 0.625]
		},
		"fixed": {
			"scale": [0.5, 0.5, 0.5]
		}
	}
}