{
	"credit": "quiktori",
	"texture_size": [64, 64],
	"textures": {
		"0": "block/solar-panel",
		"particle": "block/solar-panel"
	},
	"elements": [
		{
			"from": [1, 1, 2],
			"to": [2, 1.90625, 3],
			"faces": {
				"north": {"uv": [4, 9, 4.25, 9.25], "texture": "#0"},
				"east": {"uv": [4.25, 9, 4.5, 9.25], "texture": "#0"},
				"south": {"uv": [4.5, 9, 4.75, 9.25], "texture": "#0"},
				"west": {"uv": [4.75, 9, 5, 9.25], "texture": "#0"},
				"up": {"uv": [5.25, 9.25, 5, 9], "texture": "#0"},
				"down": {"uv": [5.5, 9, 5.25, 9.25], "texture": "#0"}
			}
		},
		{
			"from": [1, 0.0625, 2],
			"to": [2, 1, 14],
			"faces": {
				"north": {"uv": [6, 9, 6.25, 9.25], "texture": "#0"},
				"east": {"uv": [8, 4.5, 11, 4.75], "texture": "#0"},
				"south": {"uv": [6.25, 9, 6.5, 9.25], "texture": "#0"},
				"west": {"uv": [8, 4.75, 11, 5], "texture": "#0"},
				"up": {"uv": [8.25, 8, 8, 5], "texture": "#0"},
				"down": {"uv": [8, 8, 7.75, 11], "texture": "#0"}
			}
		},
		{
			"from": [0, 0, 0],
			"to": [16, 0.125, 16],
			"faces": {
				"north": {"uv": [8.5, 5.5, 12.5, 5.625], "texture": "#0"},
				"east": {"uv": [8.5, 5.75, 12.5, 5.875], "texture": "#0"},
				"south": {"uv": [8.5, 6, 12.5, 6.125], "texture": "#0"},
				"west": {"uv": [8.5, 6.25, 12.5, 6.375], "texture": "#0"},
				"up": {"uv": [8, 4, 4, 0], "texture": "#0"},
				"down": {"uv": [8, 4, 4, 8], "texture": "#0"}
			}
		},
		{
			"from": [2, 0.25, 4],
			"to": [14, 0.625, 5],
			"faces": {
				"north": {"uv": [8.5, 7.5, 11.5, 7.625], "texture": "#0"},
				"east": {"uv": [5.75, 9.25, 6, 9.375], "texture": "#0"},
				"south": {"uv": [8.5, 7.75, 11.5, 7.875], "texture": "#0"},
				"west": {"uv": [6, 9.25, 6.25, 9.375], "texture": "#0"},
				"up": {"uv": [11, 8.5, 8, 8.25], "texture": "#0"},
				"down": {"uv": [6.75, 8.5, 3.75, 8.75], "texture": "#0"}
			}
		},
		{
			"from": [2, 0.25, 11],
			"to": [14, 0.625, 12],
			"faces": {
				"north": {"uv": [8, 8.5, 11, 8.625], "texture": "#0"},
				"east": {"uv": [6.25, 9.25, 6.5, 9.375], "texture": "#0"},
				"south": {"uv": [3.75, 8.75, 6.75, 8.875], "texture": "#0"},
				"west": {"uv": [6.5, 9.25, 6.75, 9.375], "texture": "#0"},
				"up": {"uv": [11.5, 5.25, 8.5, 5], "texture": "#0"},
				"down": {"uv": [11.5, 5.25, 8.5, 5.5], "texture": "#0"}
			}
		},
		{
			"from": [0, 0, 1],
			"to": [16, 1, 17],
			"rotation": {"angle": -22.5, "axis": "x", "origin": [0, 0, 0]},
			"faces": {
				"north": {"uv": [3.75, 8, 7.75, 8.25], "texture": "#0"},
				"east": {"uv": [8, 3.75, 12, 4], "texture": "#0"},
				"south": {"uv": [8, 4, 12, 4.25], "texture": "#0"},
				"west": {"uv": [8, 4.25, 12, 4.5], "texture": "#0"},
				"up": {"uv": [4, 4, 0, 0], "texture": "#0"},
				"down": {"uv": [4, 4, 0, 8], "texture": "#0"}
			}
		},
		{
			"from": [0.5, 1, 1.5],
			"to": [15.5, 1.25, 16.5],
			"rotation": {"angle": -22.5, "axis": "x", "origin": [0, 0, 0]},
			"faces": {
				"north": {"uv": [8.5, 6.5, 12.25, 6.625], "texture": "#0"},
				"east": {"uv": [8.5, 6.75, 12.25, 6.875], "texture": "#0"},
				"south": {"uv": [8.5, 7, 12.25, 7.125], "texture": "#0"},
				"west": {"uv": [8.5, 7.25, 12.25, 7.375], "texture": "#0"},
				"up": {"uv": [3.75, 11.75, 0, 8], "texture": "#0"},
				"down": {"uv": [11.75, 0, 8, 3.75], "texture": "#0"}
			}
		},
		{
			"from": [1, 1, 13],
			"to": [2, 6, 14],
			"faces": {
				"north": {"uv": [7, 8.25, 7.25, 9.5], "texture": "#0"},
				"east": {"uv": [7.25, 8.25, 7.5, 9.5], "texture": "#0"},
				"south": {"uv": [7.5, 8.25, 7.75, 9.5], "texture": "#0"},
				"west": {"uv": [8, 8.75, 8.25, 10], "texture": "#0"},
				"up": {"uv": [5.75, 9.25, 5.5, 9], "texture": "#0"},
				"down": {"uv": [6, 9, 5.75, 9.25], "texture": "#0"}
			}
		},
		{
			"from": [14, 1, 2],
			"to": [15, 1.90625, 3],
			"faces": {
				"north": {"uv": [4.25, 9.25, 4.5, 9.5], "texture": "#0"},
				"east": {"uv": [4.5, 9.25, 4.75, 9.5], "texture": "#0"},
				"south": {"uv": [4.75, 9.25, 5, 9.5], "texture": "#0"},
				"west": {"uv": [5, 9.25, 5.25, 9.5], "texture": "#0"},
				"up": {"uv": [5.5, 9.5, 5.25, 9.25], "texture": "#0"},
				"down": {"uv": [5.75, 9.25, 5.5, 9.5], "texture": "#0"}
			}
		},
		{
			"from": [14, 0.0625, 2],
			"to": [15, 1, 14],
			"faces": {
				"north": {"uv": [9, 9, 9.25, 9.25], "texture": "#0"},
				"east": {"uv": [8, 8, 11, 8.25], "texture": "#0"},
				"south": {"uv": [4, 9.25, 4.25, 9.5], "texture": "#0"},
				"west": {"uv": [3.75, 8.25, 6.75, 8.5], "texture": "#0"},
				"up": {"uv": [8.5, 8, 8.25, 5], "texture": "#0"},
				"down": {"uv": [7, 8.25, 6.75, 11.25], "texture": "#0"}
			}
		},
		{
			"from": [14, 1, 13],
			"to": [15, 6, 14],
			"faces": {
				"north": {"uv": [8.25, 8.75, 8.5, 10], "texture": "#0"},
				"east": {"uv": [8.5, 8.75, 8.75, 10], "texture": "#0"},
				"south": {"uv": [8.75, 8.75, 9, 10], "texture": "#0"},
				"west": {"uv": [3.75, 9, 4, 10.25], "texture": "#0"},
				"up": {"uv": [6.75, 9.25, 6.5, 9], "texture": "#0"},
				"down": {"uv": [9.25, 8.75, 9, 9], "texture": "#0"}
			}
		}
	],
	"display": {
		"thirdperson_righthand": {
			"rotation": [75, 45, 0],
			"translation": [0, 2.5, 0],
			"scale": [0.375, 0.375, 0.375]
		},
		"thirdperson_lefthand": {
			"rotation": [75, 45, 0],
			"translation": [0, 2.5, 0],
			"scale": [0.375, 0.375, 0.375]
		},
		"firstperson_righthand": {
			"rotation": [0, 45, 0],
			"scale": [0.4, 0.4, 0.4]
		},
		"firstperson_lefthand": {
			"rotation": [0, 225, 0],
			"scale": [0.4, 0.4, 0.4]
		},
		"ground": {
			"translation": [0, 3, 0],
			"scale": [0.25, 0.25, 0.25]
		},
		"gui": {
			"rotation": [30, 225, 0],
			"scale": [0.625, 0.625, 0.625]
		},
		"fixed": {
			"scale": [0.5, 0.5, 0.5]
		}
	}
}